{
  "config": {
    "title": "Plugwise stick",
    "step": {
      "user": {
        "title": "Define the plugwise connection type",
        "data": {
          "name": "The name for this plugwise connection",
          "port": "Connection string"
        }
      }
    },
    "error": {
      "port_exists": "This port is already configured",
      "connection_failed": "The plugwise connection failed"
    },
    "abort": {
      "port_exists": "This port is already configured",
      "single_instance_allowed": "Only a single configuration of Plugwise is allowed."
    }
  }
}
