{
    "config": {
        "abort": {
            "port_exists": "This port is already configured"
        },
        "error": {
            "connection_failed": "The Plugwise stick connection failed",
            "port_exists": "This port is already configured"
        },
        "step": {
            "user": {
                "data": {
                    "name": "The name for this Plugwise stick connection",
                    "port": "Connection string"
                },
                "title": "Setup Plugwise stick connection"
            }
        },
        "title": "Plugwise stick"
    }
}