{
    "config": {
        "abort": {
            "port_exists": "Deze poort is al geconfigureerd"
        },
        "error": {
            "connection_failed": "De verbinding met Plugwise stick is mislukt",
            "port_exists": "Deze poort is al geconfigureerd"
        },
        "step": {
            "user": {
                "data": {
                    "name": "De naam voor deze Plugwise stick verbinding",
                    "port": "Verbindingsreeks"
                },
                "title": "Setup Plugwise stick verbinding"
            }
        },
        "title": "Plugwise Stick"
    }
}